First Name;Last Name;Company Name;Role In Company;Address;E-Mail;Phone Number;
"Zoe";"Morris";"Baird";"Insurance Agent";"2648 new road";"zmorris@baird.press";"91605709758";
"Matilda";"Bishop";"Stryker";"Receptionist";"8652 the green";"mbishop@stryker.clothing";"64517555497";
"Luke";"Lane";"Marriott International";"Recreation & Fitness Worker";"5662 park avenue";"llane@marriottinternational.rodeo";"84444839116";
"Kian";"Francis";"Protiviti";"Scientist";"4652 park avenue";"kfrancis@protiviti.life";"54238636028";
"Robert";"Howard";"Novo Nordisk";"Substance Abuse Counselor";"6794 new road";"rhoward@novonordisk.mom";"53704898771";
"Aaron";"Mason";"FedEx";"Pharmacist";"4591 the grove";"amason@fedex.city";"54386690612";
"George";"Wells";"Adobe Systems";"Advisor";"2959 stanley road";"gwells@adobesystems.miami";"62505929120";
"Oscar";"Cooper";"Waterfront";"Medical Secretary";"5833 the drive";"ocooper@waterfront.pet";"48916253997";
"Julia";"Khan";"JM Family Enterprises";"Mental Health Counselor";"3682 the avenue";"jkhan@jmfamilyenterprises.systems";"50073505984";
"George";"Gibson";"OhioHealth";"HR Manager";"2197 manor road";"ggibson@ohiohealth.equipment";"71893534399";
"Seth";"Foster";"Cooley";"Restaurant Cook";"8121 queens road";"sfoster@cooley.estate";"65713067897";
"Kian";"Webster";"Novo Nordisk";"Maid & Housekeeper";"8239 queen street";"kwebster@novonordisk.systems";"77026619068";
"Brooke";"Jackson";"Nugget Market";"Painter";"2500 west street";"bjackson@nuggetmarket.limited";"72666742419";
"Gabriel";"Collins";"Acuity";"Physician";"3062 manchester road";"gcollins@acuity.healthcare";"10504519743";
"Liam";"Reid";"SAP";"Paramedic";"6321 york road";"lreid@sap.christmas";"46787009234";
"Ellis";"Nicholls";"SAP";"Electrician";"7457 park lane";"enicholls@sap.tube";"79550165864";
"Charlie";"Bennett";"Timepath Inc.";"Pharmacy Technician";"9585 richmond road";"cbennett@timepathinc.global";"60786524177";
"Jackson";"Morris";"Google";"Construction Manager";"7641 queens road";"jmorris@google.haus";"34724892377";
"Molly";"James";"Kimley-Horn";"Substance Abuse Counselor";"4532 west street";"mjames@kimley-horn.report";"68572465819";
"Mollie";"Wood";"The Cheesecake Factory";"Physical Therapist";"6921 victoria road";"mwood@thecheesecakefactory.expert";"66689842296";
